Matrix_Size,Aligned_Time,Misaligned_Time,Speedup
512,0.055258,0.051908,0.9394
1024,0.612585,0.618515,1.0097
1500,1.211850,1.221345,1.0078
2048,6.254898,6.290108,1.0056
